class,tags,user,url
ANIMALES,"lion, king of beasts, Panthera leo",LEBRON JAMES,http://scontent-b.cdninstagram.com/hphotos-xpf1/outbound-distilleryimage8/t0.0-17/OBPTH/cd52f3b68c1f11e2b71122000a9e28e1_6.jpg
ANIMALES,Yorkshire terrier,MIRANDA KERR,http://scontent-b.cdninstagram.com/hphotos-xfp1/outbound-distilleryimage11/t0.0-17/OBPTH/9866b92cc47c11e2a88722000a1f90d0_6.jpg
ANIMALES,tusker,MIRANDA KERR,http://scontent-b.cdninstagram.com/hphotos-xpf1/outbound-distilleryimage8/t0.0-17/OBPTH/2563ea7c1b4811e28393123138133f89_6.jpg
ANIMALES,Yorkshire terrier,MIRANDA KERR,http://scontent-b.cdninstagram.com/hphotos-xfp1/outbound-distilleryimage2/t0.0-17/OBPTH/abcd84e468f711e39aef1254a5633066_6.jpg
ANIMALES,tusker,MIRANDA KERR,http://scontent-a.cdninstagram.com/hphotos-xaf1/outbound-distilleryimage6/t0.0-17/OBPTH/840b1b181b4811e28ddc22000a9f15db_6.jpg
ANIMALES,"lion, king of beasts, Panthera leo",MIRANDA KERR,http://scontent-b.cdninstagram.com/hphotos-xfp1/outbound-distilleryimage2/t0.0-17/OBPTH/e0a104781c1511e2ad5c123138100de9_6.jpg
ANIMALES,Yorkshire terrier,MIRANDA KERR,http://scontent-a.cdninstagram.com/hphotos-xfa1/outbound-distilleryimage10/t0.0-17/OBPTH/6dfd54c0358411e2a8e322000a9f13d9_6.jpg
ANIMALES,"Boston bull, Boston terrier",BARACK OBAMA,http://scontent-a.cdninstagram.com/hphotos-xfa1/outbound-distilleryimage1/t0.0-17/OBPTH/653640384ded11e1abb01231381b65e3_6.jpg
ANIMALES,Yorkshire terrier,MIRANDA KERR,http://scontent-b.cdninstagram.com/hphotos-xpa1/t51.2885-15/s306x306/e15/1169723_201221300064578_1022538501_n.jpg
ANIMALES,Yorkshire terrier,MIRANDA KERR,http://scontent-a.cdninstagram.com/hphotos-xap1/t51.2885-15/s306x306/e15/10358372_643707272380491_50476216_n.jpg
ARTE/LITERATURA,"slide rule, slipstick",MIRANDA KERR,http://scontent-a.cdninstagram.com/hphotos-xfa1/outbound-distilleryimage4/t0.0-17/OBPTH/bc710a1e697011e282e022000a1fbc68_6.jpg
ARTE/LITERATURA,menu,MIRANDA KERR,http://scontent-a.cdninstagram.com/hphotos-xaf1/outbound-distilleryimage7/t0.0-17/OBPTH/8959acd21b2a11e3a1d122000ae911c2_6.jpg
ARTE/LITERATURA,street sign,BARACK OBAMA,http://scontent-a.cdninstagram.com/hphotos-xpa1/outbound-distilleryimage10/t0.0-17/OBPTH/9b9f0772747111e180d51231380fcd7e_6.jpg
ARTE/LITERATURA,"book jacket, dust cover, dust jacket, dust wrapper",MIRANDA KERR,http://scontent-a.cdninstagram.com/hphotos-xaf1/outbound-distilleryimage0/t0.0-17/OBPTH/aaad9ef26fd111e28e2c22000a1fb747_6.jpg
ARTE/LITERATURA,menu,MIRANDA KERR,http://scontent-b.cdninstagram.com/hphotos-xpf1/t51.2885-15/s306x306/e15/1390079_437850029654297_665412951_n.jpg
ARTE/LITERATURA,menu,MIRANDA KERR,http://scontent-b.cdninstagram.com/hphotos-xfp1/outbound-distilleryimage0/t0.0-17/OBPTH/8ff4b3403d0c11e2b74c22000a9f1427_6.jpg
ARTE/LITERATURA,menu,MIRANDA KERR,http://scontent-a.cdninstagram.com/hphotos-xap1/t51.2885-15/s306x306/e15/1516059_668204586554949_642222544_n.jpg
ARTE/LITERATURA,"book jacket, dust cover, dust jacket, dust wrapper",MIRANDA KERR,http://scontent-b.cdninstagram.com/hphotos-xap1/outbound-distilleryimage8/t0.0-17/OBPTH/8e9d12c2b60511e29b7122000a1f9a64_6.jpg
ARTE/LITERATURA,"brass, memorial tablet, plaque",LEBRON JAMES,http://scontent-b.cdninstagram.com/hphotos-xfp1/outbound-distilleryimage7/t0.0-17/OBPTH/9e7a9962383211e38b1d22000ae91391_6.jpg
ARTE/LITERATURA,"book jacket, dust cover, dust jacket, dust wrapper",MIRANDA KERR,http://scontent-a.cdninstagram.com/hphotos-xpa1/outbound-distilleryimage1/t0.0-17/OBPTH/afe75eda917811e28dc022000a1f8c21_6.jpg
ARTE/LITERATURA,"slide rule, slipstick",MIRANDA KERR,http://scontent-a.cdninstagram.com/hphotos-xaf1/t51.2885-15/s306x306/e15/10895329_315080275358264_1016961475_n.jpg
ARTE/LITERATURA,"book jacket, dust cover, dust jacket, dust wrapper",MIRANDA KERR,http://scontent-a.cdninstagram.com/hphotos-xpa1/outbound-distilleryimage3/t0.0-17/OBPTH/6c068d0ebedc11e1a39b1231381b7ba1_6.jpg
ARTE/LITERATURA,"book jacket, dust cover, dust jacket, dust wrapper",MIRANDA KERR,http://scontent-a.cdninstagram.com/hphotos-xpa1/outbound-distilleryimage5/t0.0-17/OBPTH/3d626aa8a08c11e2808622000a1f9aaf_6.jpg
ARTE/LITERATURA,"book jacket, dust cover, dust jacket, dust wrapper",LEBRON JAMES,http://scontent-a.cdninstagram.com/hphotos-xpa1/outbound-distilleryimage1/t0.0-17/OBPTH/54078cf07abe11e2b4e822000a9f130c_6.jpg
ARTE/LITERATURA,menu,MIRANDA KERR,http://scontent-b.cdninstagram.com/hphotos-xpf1/outbound-distilleryimage9/t0.0-17/OBPTH/2af2672ac02f11e2aa3022000a9e2931_6.jpg
ARTE/LITERATURA,"book jacket, dust cover, dust jacket, dust wrapper",MIRANDA KERR,http://scontent-a.cdninstagram.com/hphotos-xaf1/outbound-distilleryimage4/t0.0-17/OBPTH/6d47703eb5bc11e29ee622000aa80004_6.jpg
ARTE/LITERATURA,"book jacket, dust cover, dust jacket, dust wrapper",MIRANDA KERR,http://scontent-a.cdninstagram.com/hphotos-xpa1/outbound-distilleryimage0/t0.0-17/OBPTH/f0cd11f4251911e29a4b22000a1fb593_6.jpg
ARTE/LITERATURA,street sign,BARACK OBAMA,http://scontent-a.cdninstagram.com/hphotos-xaf1/outbound-distilleryimage2/t0.0-17/OBPTH/eafdfd52039411e28a2e22000a1ea02d_6.jpg
ARTE/LITERATURA,menu,BARACK OBAMA,http://scontent-b.cdninstagram.com/hphotos-xpf1/outbound-distilleryimage11/t0.0-17/OBPTH/64eccb5851e711e1abb01231381b65e3_6.jpg
ARTE/LITERATURA,"book jacket, dust cover, dust jacket, dust wrapper",MIRANDA KERR,http://scontent-a.cdninstagram.com/hphotos-xpa1/outbound-distilleryimage1/t0.0-17/OBPTH/d3da1c9e4d1a11e2982122000a1f8c32_6.jpg
ARTE/LITERATURA,comic book,LEBRON JAMES,http://scontent-b.cdninstagram.com/hphotos-xfp1/t51.2885-15/s306x306/e15/1741447_216733668530015_602630810_n.jpg
AUTOMOVIL/MOTOR,"cab, hack, taxi, taxicab",MIRANDA KERR,http://scontent-a.cdninstagram.com/hphotos-xaf1/outbound-distilleryimage5/t0.0-17/OBPTH/08252c42d04211e1acff22000a1e8b23_6.jpg
AUTOMOVIL/MOTOR,"cab, hack, taxi, taxicab",MIRANDA KERR,http://scontent-b.cdninstagram.com/hphotos-xpf1/outbound-distilleryimage10/t0.0-17/OBPTH/e9297f1e412f11e2a77f22000a9e29a0_6.jpg
AUTOMOVIL/MOTOR,"fire screen, fireguard",MIRANDA KERR,http://scontent-b.cdninstagram.com/hphotos-xpa1/t51.2885-15/s306x306/e15/1390374_573241792729976_677679370_n.jpg
AUTOMOVIL/MOTOR,tractor,MIRANDA KERR,http://scontent-b.cdninstagram.com/hphotos-xap1/outbound-distilleryimage1/t0.0-17/OBPTH/35473d5c05be11e3b67922000aaa047d_6.jpg
AUTOMOVIL/MOTOR,"racer, race car, racing car",CRISTIANO RONALDO,http://scontent-a.cdninstagram.com/hphotos-xpf1/t51.2885-15/s306x306/e15/1209449_221646108010490_1414127228_n.jpg
AUTOMOVIL/MOTOR,"fire engine, fire truck",MIRANDA KERR,http://scontent-b.cdninstagram.com/hphotos-xpf1/outbound-distilleryimage4/t0.0-17/OBPTH/0702b6a6583f11e2a1bd22000a9f1361_6.jpg
AUTOMOVIL/MOTOR,"sports car, sport car",LEBRON JAMES,http://scontent-a.cdninstagram.com/hphotos-xpa1/t51.2885-15/s306x306/e15/927862_235203576664269_1939796263_n.jpg
AUTOMOVIL/MOTOR,go-kart,CRISTIANO RONALDO,http://scontent-b.cdninstagram.com/hphotos-xap1/outbound-distilleryimage4/t0.0-17/OBPTH/d0731590a06e11e2b9da22000a1faf53_6.jpg
BELLEZA/COSMETICA,"sunscreen, sunblock, sun blocker",MIRANDA KERR,http://scontent-b.cdninstagram.com/hphotos-xap1/outbound-distilleryimage5/t0.0-17/OBPTH/22feec2cb29711e39edb0e8698020099_6.jpg
BELLEZA/COSMETICA,"loudspeaker, speaker, speaker unit, loudspeaker system, speaker system",MIRANDA KERR,http://scontent-a.cdninstagram.com/hphotos-xpf1/t51.2885-15/s306x306/e15/10268777_559291990853785_1770871397_n.jpg
BELLEZA/COSMETICA,"lipstick, lip rouge",MIRANDA KERR,http://scontent-a.cdninstagram.com/hphotos-xaf1/outbound-distilleryimage11/t0.0-17/OBPTH/db2bfc14ddbc11e288f622000a1fbc72_6.jpg
BELLEZA/COSMETICA,lotion,LEBRON JAMES,http://scontent-b.cdninstagram.com/hphotos-xaf1/t51.2885-15/s306x306/e15/10852620_1520075828243482_437778806_n.jpg
BELLEZA/COSMETICA,"sunscreen, sunblock, sun blocker",MIRANDA KERR,http://scontent-a.cdninstagram.com/hphotos-xpf1/t51.2885-15/s306x306/e15/1889225_1425531484352843_552849715_n.jpg
BELLEZA/COSMETICA,lotion,LEBRON JAMES,http://scontent-b.cdninstagram.com/hphotos-xap1/t51.2885-15/s306x306/e15/10666107_323790857803879_728786155_n.jpg
BELLEZA/COSMETICA,lotion,MIRANDA KERR,http://scontent-a.cdninstagram.com/hphotos-xaf1/outbound-distilleryimage9/t0.0-17/OBPTH/5e7dda36a31311e283e322000aa8200d_6.jpg
BELLEZA/COSMETICA,face powder,MIRANDA KERR,http://scontent-b.cdninstagram.com/hphotos-xaf1/t51.2885-15/s306x306/e15/10802694_667785210008148_1509184506_n.jpg
BELLEZA/COSMETICA,lotion,MIRANDA KERR,http://scontent-a.cdninstagram.com/hphotos-xpa1/t51.2885-15/s306x306/e15/928222_281269378706414_235718723_n.jpg
BELLEZA/COSMETICA,bib,MIRANDA KERR,http://scontent-b.cdninstagram.com/hphotos-xpf1/outbound-distilleryimage6/t0.0-17/OBPTH/75ccf524a61811e38764127aa3594b92_6.jpg
BELLEZA/COSMETICA,"sunscreen, sunblock, sun blocker",LEBRON JAMES,http://scontent-b.cdninstagram.com/hphotos-xaf1/t51.2885-15/s306x306/e15/916339_1376673242583670_1469054959_n.jpg
BELLEZA/COSMETICA,umbrella,MIRANDA KERR,http://scontent-a.cdninstagram.com/hphotos-xpa1/outbound-distilleryimage4/t0.0-17/OBPTH/f73f524e95cc11e2bf5922000a1f8cdc_6.jpg
BELLEZA/COSMETICA,"lipstick, lip rouge",MIRANDA KERR,http://scontent-b.cdninstagram.com/hphotos-xfp1/t51.2885-15/s306x306/e15/10546759_585692848207549_1553660561_n.jpg
BELLEZA/COSMETICA,lotion,MIRANDA KERR,http://scontent-a.cdninstagram.com/hphotos-xfp1/t51.2885-15/s306x306/e15/10560951_1513634162184805_891636707_n.jpg
COMIDA/RESTAURACION,"restaurant, eating house, eating place, eatery",LEBRON JAMES,http://scontent-b.cdninstagram.com/hphotos-xpf1/outbound-distilleryimage2/t0.0-17/OBPTH/c9381918d36b11e1a3f21231381b41e4_6.jpg
COMIDA/RESTAURACION,"bagel, beigel",MIRANDA KERR,http://scontent-b.cdninstagram.com/hphotos-xap1/outbound-distilleryimage5/t0.0-17/OBPTH/bdeda444b30c11e1a9f71231382044a1_6.jpg
COMIDA/RESTAURACION,potpie,BARACK OBAMA,http://scontent-b.cdninstagram.com/hphotos-xpf1/outbound-distilleryimage3/t0.0-17/OBPTH/adb160766dec11e180c9123138016265_6.jpg
COMIDA/RESTAURACION,trifle,MIRANDA KERR,http://scontent-b.cdninstagram.com/hphotos-xfp1/outbound-distilleryimage0/t0.0-17/OBPTH/fbbcaf144f9b11e2ade722000a1faea4_6.jpg
COMIDA/RESTAURACION,eggnog,LEBRON JAMES,http://scontent-a.cdninstagram.com/hphotos-xfa1/outbound-distilleryimage6/t0.0-17/OBPTH/7eb7fc1e4b5211e29dbc22000a1f9e59_6.jpg
COMIDA/RESTAURACION,cup,MIRANDA KERR,http://scontent-a.cdninstagram.com/hphotos-xap1/t51.2885-15/s306x306/e15/10518280_258329217708307_1822420777_n.jpg
COMIDA/RESTAURACION,dough,MIRANDA KERR,http://scontent-b.cdninstagram.com/hphotos-xpf1/outbound-distilleryimage6/t0.0-17/OBPTH/17c0b1a6b81111e1989612313815112c_6.jpg
COMIDA/RESTAURACION,soup bowl,MIRANDA KERR,http://scontent-a.cdninstagram.com/hphotos-xaf1/outbound-distilleryimage5/t0.0-17/OBPTH/c3c9fbf466a011e2afd722000a1f98d6_6.jpg
COMIDA/RESTAURACION,cup,MIRANDA KERR,http://scontent-a.cdninstagram.com/hphotos-xfa1/outbound-distilleryimage7/t0.0-17/OBPTH/9c0c414cced511e29aee22000a9f38e6_6.jpg
COMIDA/RESTAURACION,eggnog,LEBRON JAMES,http://scontent-a.cdninstagram.com/hphotos-xpa1/outbound-distilleryimage6/t0.0-17/OBPTH/959f18d234f911e2b1d222000a1fb859_6.jpg
COMIDA/RESTAURACION,plate,LEBRON JAMES,http://scontent-b.cdninstagram.com/hphotos-xap1/t51.2885-15/s306x306/e15/10597420_925554270792600_368389442_n.jpg
COMIDA/RESTAURACION,plate,LEBRON JAMES,http://scontent-a.cdninstagram.com/hphotos-xap1/t51.2885-15/s306x306/e15/10387890_355079564639169_2082525224_n.jpg
COMIDA/RESTAURACION,"pineapple, ananas",MIRANDA KERR,http://scontent-a.cdninstagram.com/hphotos-xpa1/outbound-distilleryimage1/t0.0-17/OBPTH/c082c214449f11e2974222000a1fbdac_6.jpg
COMIDA/RESTAURACION,"butcher shop, meat market",LEBRON JAMES,http://scontent-b.cdninstagram.com/hphotos-xap1/outbound-distilleryimage11/t0.0-17/OBPTH/51204608f60211e1ac3122000a1cdeaf_6.jpg
COMIDA/RESTAURACION,lemon,MIRANDA KERR,http://scontent-a.cdninstagram.com/hphotos-xfa1/outbound-distilleryimage6/t0.0-17/OBPTH/99e4565a7ecd11e2900e22000a1f96c7_6.jpg
DECORACION/MOBILIARIO,"candle, taper, wax light",MIRANDA KERR,http://scontent-a.cdninstagram.com/hphotos-xpa1/outbound-distilleryimage6/t0.0-17/OBPTH/9fda9fb0a43811e3969712287d5b8d46_6.jpg
DECORACION/MOBILIARIO,"candle, taper, wax light",MIRANDA KERR,http://scontent-a.cdninstagram.com/hphotos-xpf1/t51.2885-15/s306x306/e15/10005452_283829538447755_863600189_n.jpg
DECORACION/MOBILIARIO,sliding door,MIRANDA KERR,http://scontent-a.cdninstagram.com/hphotos-xaf1/outbound-distilleryimage10/t0.0-17/OBPTH/6c416c38df7211e1a3361231381f344b_6.jpg
DECORACION/MOBILIARIO,"plane, carpenter\'s plane, woodworking plane",MIRANDA KERR,http://scontent-a.cdninstagram.com/hphotos-xpa1/t51.2885-15/s306x306/e15/925168_628356573880577_1128038888_n.jpg
DECORACION/MOBILIARIO,"candle, taper, wax light",MIRANDA KERR,http://scontent-b.cdninstagram.com/hphotos-xap1/outbound-distilleryimage6/t0.0-17/OBPTH/78b5d8c0749d11e3a77d12344b67e8d2_6.jpg
DECORACION/MOBILIARIO,"caldron, cauldron",MIRANDA KERR,http://scontent-a.cdninstagram.com/hphotos-xpa1/outbound-distilleryimage9/t0.0-17/OBPTH/1865c98265e611e39d520e090b3c8695_6.jpg
DECORACION/MOBILIARIO,folding chair,MIRANDA KERR,http://scontent-a.cdninstagram.com/hphotos-xaf1/outbound-distilleryimage11/t0.0-17/OBPTH/df8e2080674611e2962d22000a1f9aa0_6.jpg
DECORACION/MOBILIARIO,"studio couch, day bed",MIRANDA KERR,http://scontent-a.cdninstagram.com/hphotos-xpa1/t51.2885-15/s306x306/e15/1389409_226085354227994_1727547818_n.jpg
DEPORTE,rugby ball,CRISTIANO RONALDO,http://scontent-b.cdninstagram.com/hphotos-xpf1/outbound-distilleryimage5/t0.0-17/OBPTH/b88bb01ebd6411e2a8af22000a9f133c_6.jpg
DEPORTE,running shoe,LEBRON JAMES,http://scontent-b.cdninstagram.com/hphotos-xfp1/outbound-distilleryimage10/t0.0-17/OBPTH/99945a7645f011e29d6522000a9f134c_6.jpg
DEPORTE,football helmet,LEBRON JAMES,http://scontent-b.cdninstagram.com/hphotos-xfp1/t51.2885-15/s306x306/e15/1515558_1453593798193534_1285262430_n.jpg
DEPORTE,"ballplayer, baseball player",CRISTIANO RONALDO,http://scontent-b.cdninstagram.com/hphotos-xpf1/outbound-distilleryimage1/t0.0-17/OBPTH/298fe95e234311e28d1322000a1fb079_6.jpg
DEPORTE,"racket, racquet",CRISTIANO RONALDO,http://scontent-b.cdninstagram.com/hphotos-xfa1/t51.2885-15/s306x306/e15/10598746_316215965218420_1623828055_n.jpg
DEPORTE,"ballplayer, baseball player",CRISTIANO RONALDO,http://scontent-b.cdninstagram.com/hphotos-xfp1/outbound-distilleryimage4/t0.0-17/OBPTH/ec8bb8469ca811e283d722000a1f99fc_6.jpg
DEPORTE,scoreboard,CRISTIANO RONALDO,http://scontent-b.cdninstagram.com/hphotos-xfp1/t51.2885-15/s306x306/e15/10507795_606946322753573_1424832199_n.jpg
DEPORTE,"bearskin, busby, shako",CRISTIANO RONALDO,http://scontent-b.cdninstagram.com/hphotos-xfp1/outbound-distilleryimage7/t0.0-17/OBPTH/858689e2922011e2bd6422000a9f12df_6.jpg
DEPORTE,scoreboard,BARACK OBAMA,http://scontent-a.cdninstagram.com/hphotos-xpa1/outbound-distilleryimage3/t0.0-17/OBPTH/29c33190f6ef11e1b7b11231381b57d8_6.jpg
DEPORTE,"bearskin, busby, shako",LEBRON JAMES,http://scontent-a.cdninstagram.com/hphotos-xpa1/outbound-distilleryimage11/t0.0-17/OBPTH/4f371fcec57e11e1be6a12313820455d_6.jpg
DEPORTE,soccer ball,CRISTIANO RONALDO,http://scontent-a.cdninstagram.com/hphotos-xfa1/outbound-distilleryimage8/t0.0-17/OBPTH/e40a563cb41311e2a74822000a9e2993_6.jpg
DEPORTE,"ballplayer, baseball player",CRISTIANO RONALDO,http://scontent-b.cdninstagram.com/hphotos-xap1/outbound-distilleryimage1/t0.0-17/OBPTH/25e6277cf6de11e2b05d22000a1f9375_6.jpg
DEPORTE,"ballplayer, baseball player",CRISTIANO RONALDO,http://scontent-b.cdninstagram.com/hphotos-xfp1/outbound-distilleryimage4/t0.0-17/OBPTH/469794be003a11e3bfc922000a9e08f9_6.jpg
DEPORTE,running shoe,LEBRON JAMES,http://scontent-a.cdninstagram.com/hphotos-xpa1/outbound-distilleryimage6/t0.0-17/OBPTH/926c599a2c3e11e28d6622000a1fbc43_6.jpg
DEPORTE,rugby ball,CRISTIANO RONALDO,http://scontent-b.cdninstagram.com/hphotos-xfp1/outbound-distilleryimage10/t0.0-17/OBPTH/bd17226a3c7411e2b28822000a9f1468_6.jpg
DEPORTE,"ballplayer, baseball player",CRISTIANO RONALDO,http://scontent-a.cdninstagram.com/hphotos-xfa1/outbound-distilleryimage9/t0.0-17/OBPTH/2719a924eed811e290a322000a9f1438_6.jpg
DEPORTE,football helmet,CRISTIANO RONALDO,http://scontent-b.cdninstagram.com/hphotos-xpf1/outbound-distilleryimage4/t0.0-17/OBPTH/5b92377aa52b11e3b56112c8cf378460_6.jpg
DEPORTE,basketball,LEBRON JAMES,http://scontent-b.cdninstagram.com/hphotos-xap1/t51.2885-15/s306x306/e15/10616433_296476050538521_1130350897_n.jpg
DEPORTE,basketball,LEBRON JAMES,http://scontent-b.cdninstagram.com/hphotos-xaf1/t51.2885-15/s306x306/e15/10853136_1587431801493379_223874309_n.jpg
DEPORTE,comic book,LEBRON JAMES,http://scontent-a.cdninstagram.com/hphotos-xap1/t51.2885-15/s306x306/e15/1170072_263131633838546_1182322051_n.jpg
DEPORTE,football helmet,LEBRON JAMES,http://scontent-a.cdninstagram.com/hphotos-xfa1/t51.2885-15/s306x306/e15/914474_844974565524423_1296970708_n.jpg
DEPORTE,comic book,LEBRON JAMES,http://scontent-b.cdninstagram.com/hphotos-xfa1/t51.2885-15/s306x306/e15/10914668_1530740127203911_1703613844_n.jpg
DEPORTE,torch,CRISTIANO RONALDO,http://scontent-a.cdninstagram.com/hphotos-xaf1/t51.2885-15/s306x306/e15/10005375_470283489738531_473928038_n.jpg
DEPORTE,rugby ball,CRISTIANO RONALDO,http://scontent-b.cdninstagram.com/hphotos-xpf1/outbound-distilleryimage1/t0.0-17/OBPTH/77048e8ae4bb11e28a1a22000aa81ffa_6.jpg
DEPORTE,neck brace,LEBRON JAMES,http://scontent-b.cdninstagram.com/hphotos-xpf1/outbound-distilleryimage5/t0.0-17/OBPTH/4e45c0780a0811e3816122000a1fbf6a_6.jpg
DEPORTE,tennis ball,LEBRON JAMES,http://scontent-a.cdninstagram.com/hphotos-xpa1/outbound-distilleryimage6/t0.0-17/OBPTH/40ca35ba85dc11e2ae9022000a1f9a21_6.jpg
DEPORTE,running shoe,LEBRON JAMES,http://scontent-a.cdninstagram.com/hphotos-xfa1/outbound-distilleryimage11/t0.0-17/OBPTH/2ae2e1c2874711e2982122000a1f8c32_6.jpg
DEPORTE,"ballplayer, baseball player",CRISTIANO RONALDO,http://scontent-b.cdninstagram.com/hphotos-xap1/outbound-distilleryimage9/t0.0-17/OBPTH/46d920a8a5d811e2995622000a1f9812_6.jpg
DEPORTE,football helmet,CRISTIANO RONALDO,http://scontent-b.cdninstagram.com/hphotos-xap1/t51.2885-15/s306x306/e15/1208149_814787955217393_282118443_n.jpg
DEPORTE,soccer ball,CRISTIANO RONALDO,http://scontent-a.cdninstagram.com/hphotos-xpa1/outbound-distilleryimage3/t0.0-17/OBPTH/d88d55f8c3c111e2bb3e22000a1fb8a8_6.jpg
DEPORTE,running shoe,LEBRON JAMES,http://scontent-a.cdninstagram.com/hphotos-xfa1/t51.2885-15/s306x306/e15/10852778_1612500098969365_709777259_n.jpg
DEPORTE,rugby ball,CRISTIANO RONALDO,http://scontent-b.cdninstagram.com/hphotos-xap1/t51.2885-15/s306x306/e15/926931_1374409016153038_1002332868_n.jpg
DEPORTE,football helmet,CRISTIANO RONALDO,http://scontent-a.cdninstagram.com/hphotos-xpa1/outbound-distilleryimage8/t0.0-17/OBPTH/f5a9c9b6a1fa11e2843f22000a9e0722_6.jpg
DEPORTE,basketball,LEBRON JAMES,http://scontent-b.cdninstagram.com/hphotos-xpf1/outbound-distilleryimage7/t0.0-17/OBPTH/aeb2c674919811e2943422000a9f3095_6.jpg
DEPORTE,basketball,CRISTIANO RONALDO,http://scontent-a.cdninstagram.com/hphotos-xaf1/outbound-distilleryimage0/t0.0-17/OBPTH/66bea03ab97611e2942f22000a9f140e_6.jpg
DEPORTE,reel,CRISTIANO RONALDO,http://scontent-b.cdninstagram.com/hphotos-xap1/outbound-distilleryimage6/t0.0-17/OBPTH/4fa880f0ead611e2a58422000ae90d16_6.jpg
DEPORTE,torch,CRISTIANO RONALDO,http://scontent-a.cdninstagram.com/hphotos-xpa1/t51.2885-15/s306x306/e15/926882_456150947824710_1774587976_n.jpg
DEPORTE,running shoe,LEBRON JAMES,http://scontent-b.cdninstagram.com/hphotos-xap1/outbound-distilleryimage6/t0.0-17/OBPTH/d2bf590e45f011e2a30c22000a1f9683_6.jpg
DEPORTE,"golfcart, golf cart",LEBRON JAMES,http://scontent-b.cdninstagram.com/hphotos-xpf1/outbound-distilleryimage8/t0.0-17/OBPTH/4d3cb2a401f711e3879322000a9f1376_6.jpg
DEPORTE,football helmet,LEBRON JAMES,http://scontent-a.cdninstagram.com/hphotos-xpa1/t51.2885-15/s306x306/e15/10735514_1534771150101228_156402_n.jpg
DEPORTE,basketball,MIRANDA KERR,http://scontent-b.cdninstagram.com/hphotos-xap1/outbound-distilleryimage3/t0.0-17/OBPTH/67e9b3d66fe311e39ddb1225a6ec8563_6.jpg
DEPORTE,comic book,LEBRON JAMES,http://scontent-a.cdninstagram.com/hphotos-xaf1/outbound-distilleryimage7/t0.0-17/OBPTH/2cd94b323bfd11e28a3222000a9f17b2_6.jpg
DEPORTE,volleyball,LEBRON JAMES,http://scontent-b.cdninstagram.com/hphotos-xpa1/t51.2885-15/s306x306/e15/1171934_242586575947466_1257855643_n.jpg
DEPORTE,toyshop,LEBRON JAMES,http://scontent-a.cdninstagram.com/hphotos-xfa1/outbound-distilleryimage7/t0.0-17/OBPTH/7c4d71bea6e311e393c612ea443118ff_6.jpg
DEPORTE,football helmet,LEBRON JAMES,http://scontent-a.cdninstagram.com/hphotos-xaf1/t51.2885-15/s306x306/e15/10890526_314230995436026_443646740_n.jpg
DEPORTE,"swimming trunks, bathing trunks",CRISTIANO RONALDO,http://scontent-a.cdninstagram.com/hphotos-xfp1/t51.2885-15/s306x306/e15/1515279_486197831495476_905571877_n.jpg
DEPORTE,rugby ball,LEBRON JAMES,http://scontent-a.cdninstagram.com/hphotos-xaf1/t51.2885-15/s306x306/e15/10852674_315989695260918_1361614652_n.jpg
DEPORTE,rugby ball,CRISTIANO RONALDO,http://scontent-a.cdninstagram.com/hphotos-xaf1/outbound-distilleryimage6/t0.0-17/OBPTH/705d2a6cb72d11e287db22000aa803d4_6.jpg
DEPORTE,ping-pong ball,CRISTIANO RONALDO,http://scontent-a.cdninstagram.com/hphotos-xfa1/outbound-distilleryimage7/t0.0-17/OBPTH/8efa327eacdf11e2914022000a9e0653_6.jpg
DEPORTE,basketball,LEBRON JAMES,http://scontent-b.cdninstagram.com/hphotos-xap1/t51.2885-15/s306x306/e15/927429_277169052478047_42132776_n.jpg
DEPORTE,"balance beam, beam",LEBRON JAMES,http://scontent-b.cdninstagram.com/hphotos-xap1/l/t51.2885-15/s306x306/e15/1169785_573750946039012_142623747_n.jpg
DEPORTE,volleyball,LEBRON JAMES,http://scontent-b.cdninstagram.com/hphotos-xfp1/outbound-distilleryimage11/t0.0-17/OBPTH/0b22adfe196911e3b83422000a1f9e4c_6.jpg
DEPORTE,volleyball,LEBRON JAMES,http://scontent-b.cdninstagram.com/hphotos-xaf1/t51.2885-15/s306x306/e15/10881913_1377628239203007_1629021550_n.jpg
DEPORTE,basketball,LEBRON JAMES,http://scontent-b.cdninstagram.com/hphotos-xaf1/t51.2885-15/s306x306/e15/914751_778083675577520_54524222_n.jpg
DEPORTE,soccer ball,CRISTIANO RONALDO,http://scontent-b.cdninstagram.com/hphotos-xaf1/t51.2885-15/s306x306/e15/10802596_374412992722419_490929575_n.jpg
DEPORTE,toyshop,LEBRON JAMES,http://scontent-a.cdninstagram.com/hphotos-xpa1/t51.2885-15/s306x306/e15/928633_1440579966221727_694261282_n.jpg
DEPORTE,soccer ball,CRISTIANO RONALDO,http://scontent-a.cdninstagram.com/hphotos-xfa1/t51.2885-15/s306x306/e15/1209622_249527375207166_854079247_n.jpg
DEPORTE,"bearskin, busby, shako",CRISTIANO RONALDO,http://scontent-a.cdninstagram.com/hphotos-xfa1/outbound-distilleryimage6/t0.0-17/OBPTH/39a1391ad04011e28e2c22000a1fb747_6.jpg
DEPORTE,"ballplayer, baseball player",CRISTIANO RONALDO,http://scontent-a.cdninstagram.com/hphotos-xfa1/outbound-distilleryimage6/t0.0-17/OBPTH/5bd098008d7e11e287d022000a9f12ab_6.jpg
DEPORTE,soccer ball,CRISTIANO RONALDO,http://scontent-b.cdninstagram.com/hphotos-xap1/t51.2885-15/s306x306/e15/10354530_970991919594629_1505309685_n.jpg
DEPORTE,football helmet,CRISTIANO RONALDO,http://scontent-b.cdninstagram.com/hphotos-xpf1/t51.2885-15/s306x306/e15/10665611_653818391392996_959987869_n.jpg
DEPORTE,torch,CRISTIANO RONALDO,http://scontent-a.cdninstagram.com/hphotos-xap1/t51.2885-15/s306x306/e15/10731880_930734500288412_2133374431_n.jpg
DEPORTE,volleyball,LEBRON JAMES,http://scontent-a.cdninstagram.com/hphotos-xpa1/outbound-distilleryimage4/t0.0-17/OBPTH/777acb18f92e11e2a5bc22000a9e2899_6.jpg
DEPORTE,"ballplayer, baseball player",MIRANDA KERR,http://scontent-b.cdninstagram.com/hphotos-xap1/outbound-distilleryimage1/t0.0-17/OBPTH/b25dc01a199911e3815722000aaa049c_6.jpg
DEPORTE,"punching bag, punch bag, punching ball, punchball",LEBRON JAMES,http://scontent-a.cdninstagram.com/hphotos-xpa1/t51.2885-15/s306x306/e15/10499222_1445945288991886_1410210592_n.jpg
DEPORTE,comic book,LEBRON JAMES,http://scontent-a.cdninstagram.com/hphotos-xap1/t51.2885-15/s306x306/e15/923721_445380282269803_1099708739_n.jpg
DEPORTE,pole,CRISTIANO RONALDO,http://scontent-a.cdninstagram.com/hphotos-xfa1/t51.2885-15/s306x306/e15/10895009_330804880457452_961552183_n.jpg
DEPORTE,basketball,LEBRON JAMES,http://scontent-a.cdninstagram.com/hphotos-xpa1/outbound-distilleryimage0/t0.0-17/OBPTH/b753178afb0f11e2939b22000a1f9251_6.jpg
DEPORTE,rugby ball,CRISTIANO RONALDO,http://scontent-b.cdninstagram.com/hphotos-xfa1/t51.2885-15/s306x306/e15/10748254_888654707813263_3507067_n.jpg
DEPORTE,torch,CRISTIANO RONALDO,http://scontent-a.cdninstagram.com/hphotos-xfa1/t51.2885-15/s306x306/e15/1516498_493036190815899_819722420_n.jpg
DEPORTE,"carousel, carrousel, merry-go-round, roundabout, whirligig",LEBRON JAMES,http://scontent-b.cdninstagram.com/hphotos-xfa1/t51.2885-15/s306x306/e15/10547158_730779626960158_697614307_n.jpg
DEPORTE,pickelhaube,CRISTIANO RONALDO,http://scontent-a.cdninstagram.com/hphotos-xaf1/t51.2885-15/s306x306/e15/917124_782840631746922_1005938183_n.jpg
DEPORTE,soccer ball,CRISTIANO RONALDO,http://scontent-b.cdninstagram.com/hphotos-xap1/t51.2885-15/s306x306/e15/1389678_634331826619112_2091601805_n.jpg
DEPORTE,"punching bag, punch bag, punching ball, punchball",LEBRON JAMES,http://scontent-a.cdninstagram.com/hphotos-xaf1/t51.2885-15/s306x306/e15/10848447_857892540899153_153937333_n.jpg
DEPORTE,torch,CRISTIANO RONALDO,http://scontent-b.cdninstagram.com/hphotos-xpf1/outbound-distilleryimage4/t0.0-17/OBPTH/c054f7c8f2b711e28cf922000a1fbaf5_6.jpg
DEPORTE,basketball,LEBRON JAMES,http://scontent-b.cdninstagram.com/hphotos-xfp1/t51.2885-15/s306x306/e15/1515765_382612275217605_1696526366_n.jpg
DEPORTE,"racket, racquet",CRISTIANO RONALDO,http://scontent-b.cdninstagram.com/hphotos-xap1/t51.2885-15/s306x306/e15/1168779_614887581885681_1057639914_n.jpg
DEPORTE,scoreboard,LEBRON JAMES,http://scontent-a.cdninstagram.com/hphotos-xpa1/outbound-distilleryimage1/t0.0-17/OBPTH/3163f35ce26d11e2ba5222000a9f3c5a_6.jpg
DEPORTE,volleyball,LEBRON JAMES,http://scontent-b.cdninstagram.com/hphotos-xfa1/t51.2885-15/s306x306/e15/914309_422362174533818_1176675051_n.jpg
DEPORTE,"ballplayer, baseball player",CRISTIANO RONALDO,http://scontent-a.cdninstagram.com/hphotos-xpa1/t51.2885-15/s306x306/e15/924208_662921510406612_1076560429_n.jpg
DEPORTE,"ballplayer, baseball player",CRISTIANO RONALDO,http://scontent-b.cdninstagram.com/hphotos-xpf1/outbound-distilleryimage4/t0.0-17/OBPTH/eafca1ec3c7311e2922e22000a1f9b7b_6.jpg
DEPORTE,oxygen mask,LEBRON JAMES,http://scontent-a.cdninstagram.com/hphotos-xaf1/outbound-distilleryimage1/t0.0-17/OBPTH/d4e3432a3b4c11e29b2522000a9f13d5_6.jpg
DEPORTE,basketball,LEBRON JAMES,http://scontent-b.cdninstagram.com/hphotos-xfa1/t51.2885-15/s306x306/e15/10623676_1483421118582020_1424423506_n.jpg
DEPORTE,basketball,LEBRON JAMES,http://scontent-b.cdninstagram.com/hphotos-xpf1/outbound-distilleryimage5/t0.0-17/OBPTH/26b08cacf93011e297fd22000ae912c9_6.jpg
DEPORTE,toyshop,LEBRON JAMES,http://scontent-b.cdninstagram.com/hphotos-xpf1/outbound-distilleryimage5/t0.0-17/OBPTH/c6d5a494903c11e38601122afed306a9_6.jpg
DEPORTE,sweatshirt,LEBRON JAMES,http://scontent-a.cdninstagram.com/hphotos-xfa1/t51.2885-15/s306x306/e15/1169132_404092299722693_306830072_n.jpg
ENTRETENIMIENTO/JUEGOS,jack-o\'-lantern,MIRANDA KERR,http://scontent-a.cdninstagram.com/hphotos-xap1/t51.2885-15/s306x306/e15/10725039_386002764887683_507824226_n.jpg
ENTRETENIMIENTO/JUEGOS,paintbrush,BARACK OBAMA,http://scontent-a.cdninstagram.com/hphotos-xpa1/outbound-distilleryimage10/t0.0-17/OBPTH/c93fbe8cbc9811e1af7612313813f8e8_6.jpg
ENTRETENIMIENTO/JUEGOS,pomegranate,MIRANDA KERR,http://scontent-b.cdninstagram.com/hphotos-xap1/outbound-distilleryimage9/t0.0-17/OBPTH/a2f682e6344411e2b95b22000a1fab39_6.jpg
ENTRETENIMIENTO/JUEGOS,balloon,MIRANDA KERR,http://scontent-b.cdninstagram.com/hphotos-xpf1/outbound-distilleryimage1/t0.0-17/OBPTH/25d5d9022ad811e39cb522000a1f9215_6.jpg
ENTRETENIMIENTO/JUEGOS,jellyfish,MIRANDA KERR,http://scontent-b.cdninstagram.com/hphotos-xaf1/t51.2885-15/s306x306/e15/10254216_775155129175970_1874629623_n.jpg
ENTRETENIMIENTO/JUEGOS,toyshop,MIRANDA KERR,http://scontent-a.cdninstagram.com/hphotos-xpa1/outbound-distilleryimage7/t0.0-17/OBPTH/8eb5145863f311e2a0a022000a1f968b_6.jpg
ENTRETENIMIENTO/JUEGOS,toyshop,MIRANDA KERR,http://scontent-a.cdninstagram.com/hphotos-xfa1/outbound-distilleryimage4/t0.0-17/OBPTH/abd613ea762a11e29c2822000a1fbe4c_6.jpg
ENTRETENIMIENTO/JUEGOS,jigsaw puzzle,MIRANDA KERR,http://scontent-b.cdninstagram.com/hphotos-xap1/t51.2885-15/s306x306/e15/1168785_536408336452942_962469233_n.jpg
ESPECTACULOS/EVENTOS,"theater curtain, theatre curtain",MIRANDA KERR,http://scontent-b.cdninstagram.com/hphotos-xfp1/outbound-distilleryimage9/t0.0-17/OBPTH/3e65201e291111e2a03b22000a1f92d6_6.jpg
ESPECTACULOS/EVENTOS,"theater curtain, theatre curtain",MIRANDA KERR,http://scontent-a.cdninstagram.com/hphotos-xfa1/outbound-distilleryimage7/t0.0-17/OBPTH/b1d54f9a5ded11e2b93522000a1f96b2_6.jpg
ESPECTACULOS/EVENTOS,torch,LEBRON JAMES,http://scontent-b.cdninstagram.com/hphotos-xpa1/t51.2885-15/s306x306/e15/1171981_678841605556872_103900606_n.jpg
ESPECTACULOS/EVENTOS,scoreboard,BARACK OBAMA,http://scontent-b.cdninstagram.com/hphotos-xfp1/outbound-distilleryimage2/t0.0-17/OBPTH/bb2222c20e7311e2ab4322000a1d0377_6.jpg
ESPECTACULOS/EVENTOS,stage,LEBRON JAMES,http://scontent-a.cdninstagram.com/hphotos-xaf1/outbound-distilleryimage0/t0.0-17/OBPTH/0b3e635cd85411e1973e22000a1d0116_6.jpg
ESPECTACULOS/EVENTOS,"theater curtain, theatre curtain",MIRANDA KERR,http://scontent-b.cdninstagram.com/hphotos-xpf1/outbound-distilleryimage1/t0.0-17/OBPTH/ba13b8582bcb11e2bfc622000a9d0dda_6.jpg
ESPECTACULOS/EVENTOS,"home theater, home theatre",BARACK OBAMA,http://scontent-b.cdninstagram.com/hphotos-xap1/outbound-distilleryimage11/t0.0-17/OBPTH/28b597f2367911e180c9123138016265_6.jpg
ESPECTACULOS/EVENTOS,"theater curtain, theatre curtain",LEBRON JAMES,http://scontent-a.cdninstagram.com/hphotos-xaf1/t51.2885-15/s306x306/e15/10848246_744801018937307_6733135_n.jpg
INFORMACION/TECNOLOGIA,"web site, website, internet site, site",MIRANDA KERR,http://scontent-b.cdninstagram.com/hphotos-xfp1/outbound-distilleryimage6/t0.0-17/OBPTH/ac26a208381a11e3a86c22000ae81daf_6.jpg
INFORMACION/TECNOLOGIA,"web site, website, internet site, site",MIRANDA KERR,http://scontent-a.cdninstagram.com/hphotos-xfa1/outbound-distilleryimage0/t0.0-17/OBPTH/f924e036064511e2901022000a1e9e2c_6.jpg
INFORMACION/TECNOLOGIA,"notebook, notebook computer",BARACK OBAMA,http://scontent-b.cdninstagram.com/hphotos-xap1/outbound-distilleryimage5/t0.0-17/OBPTH/b5ba9e6408f911e3822f22000a9f09ca_6.jpg
INFORMACION/TECNOLOGIA,"web site, website, internet site, site",MIRANDA KERR,http://scontent-a.cdninstagram.com/hphotos-xfa1/outbound-distilleryimage0/t0.0-17/OBPTH/15a80d70bda511e2a34522000a1fb1cc_6.jpg
INFORMACION/TECNOLOGIA,"web site, website, internet site, site",LEBRON JAMES,http://scontent-b.cdninstagram.com/hphotos-xap1/t51.2885-15/s306x306/e15/926856_321905944634530_525728750_n.jpg
INFORMACION/TECNOLOGIA,"web site, website, internet site, site",MIRANDA KERR,http://scontent-a.cdninstagram.com/hphotos-xaf1/outbound-distilleryimage8/t0.0-17/OBPTH/58aae276498511e2a47422000a9e28eb_6.jpg
INFORMACION/TECNOLOGIA,"web site, website, internet site, site",LEBRON JAMES,http://scontent-a.cdninstagram.com/hphotos-xpa1/t51.2885-15/s306x306/e15/927796_1431277670424789_1882604930_n.jpg
INFORMACION/TECNOLOGIA,"web site, website, internet site, site",LEBRON JAMES,http://scontent-a.cdninstagram.com/hphotos-xpa1/outbound-distilleryimage3/t0.0-17/OBPTH/4b6249ca9ff611e2b87b22000aaa07f6_6.jpg
INFORMACION/TECNOLOGIA,"web site, website, internet site, site",MIRANDA KERR,http://scontent-a.cdninstagram.com/hphotos-xpa1/outbound-distilleryimage9/t0.0-17/OBPTH/109baf400b7411e394bd22000ab5aa59_6.jpg
INFORMACION/TECNOLOGIA,"television, television system",LEBRON JAMES,http://scontent-b.cdninstagram.com/hphotos-xpa1/t51.2885-15/s306x306/e15/929185_693392964101989_1646713690_n.jpg
INFORMACION/TECNOLOGIA,"slot, one-armed bandit",MIRANDA KERR,http://scontent-a.cdninstagram.com/hphotos-xpa1/t51.2885-15/s306x306/e15/10542007_1523904314493472_1223038303_n.jpg
MODA,"French horn, horn",LEBRON JAMES,http://scontent-a.cdninstagram.com/hphotos-xaf1/outbound-distilleryimage1/t0.0-17/OBPTH/1bae688a290d11e3854522000a1f9e45_6.jpg
MODA,sunglass,MIRANDA KERR,http://scontent-b.cdninstagram.com/hphotos-xpf1/t51.2885-15/s306x306/e15/10354553_798437266847286_1779546349_n.jpg
MODA,Windsor tie,CRISTIANO RONALDO,http://scontent-a.cdninstagram.com/hphotos-xap1/t51.2885-15/s306x306/e15/10507900_1531115820445733_1701037405_n.jpg
MODA,abaya,MIRANDA KERR,http://scontent-a.cdninstagram.com/hphotos-xfa1/outbound-distilleryimage6/t0.0-17/OBPTH/17c8633eb53511e2ac8422000a1fbf16_6.jpg
MODA,mousetrap,LEBRON JAMES,http://scontent-b.cdninstagram.com/hphotos-xfp1/outbound-distilleryimage3/t0.0-17/OBPTH/2ae6e06c352311e393a222000a1fb70a_6.jpg
MODA,sunglass,MIRANDA KERR,http://scontent-a.cdninstagram.com/hphotos-xfa1/outbound-distilleryimage3/t0.0-17/OBPTH/f94f4794d3c311e2822b22000a1f901c_6.jpg
MODA,"suit, suit of clothes",CRISTIANO RONALDO,http://scontent-b.cdninstagram.com/hphotos-xpf1/t51.2885-15/s306x306/e15/10349447_250692675054826_1726068047_n.jpg
MODA,"suit, suit of clothes",LEBRON JAMES,http://scontent-b.cdninstagram.com/hphotos-xfp1/outbound-distilleryimage2/t0.0-17/OBPTH/f1307a18698511e293ab22000a9f1919_6.jpg
MODA,"suit, suit of clothes",LEBRON JAMES,http://scontent-a.cdninstagram.com/hphotos-xpa1/outbound-distilleryimage8/t0.0-17/OBPTH/b9b5b9565c6d11e2a3ff22000a1fb762_6.jpg
MODA,"academic gown, academic robe, judge\'s robe",LEBRON JAMES,http://scontent-b.cdninstagram.com/hphotos-xap1/outbound-distilleryimage8/t0.0-17/OBPTH/12367c56fdef11e18b9422000a1c9e12_6.jpg
MODA,cowboy boot,LEBRON JAMES,http://scontent-a.cdninstagram.com/hphotos-xfp1/t51.2885-15/s306x306/e15/1515793_683754185010114_1174051061_n.jpg
MODA,"brassiere, bra, bandeau",MIRANDA KERR,http://scontent-b.cdninstagram.com/hphotos-xap1/t51.2885-15/s306x306/e15/1799742_659360020793855_57324749_n.jpg
MODA,kimono,MIRANDA KERR,http://scontent-a.cdninstagram.com/hphotos-xap1/t51.2885-15/s306x306/e15/10683810_842592825774499_179383818_n.jpg
MODA,"academic gown, academic robe, judge\'s robe",LEBRON JAMES,http://scontent-b.cdninstagram.com/hphotos-xpf1/outbound-distilleryimage2/t0.0-17/OBPTH/9cb511e43f4e11e289bf22000a1fa4a9_6.jpg
MODA,"lab coat, laboratory coat",MIRANDA KERR,http://scontent-b.cdninstagram.com/hphotos-xpf1/outbound-distilleryimage11/t0.0-17/OBPTH/125c5244d50511e2ac3122000a1fb77a_6.jpg
MODA,"suit, suit of clothes",LEBRON JAMES,http://scontent-a.cdninstagram.com/hphotos-xfa1/outbound-distilleryimage1/t0.0-17/OBPTH/d5324864f96411e1b479123138150dba_6.jpg
MODA,"brassiere, bra, bandeau",MIRANDA KERR,http://scontent-b.cdninstagram.com/hphotos-xpf1/outbound-distilleryimage1/t0.0-17/OBPTH/6268eab240aa11e282e022000a1fbc68_6.jpg
MODA,"suit, suit of clothes",CRISTIANO RONALDO,http://scontent-b.cdninstagram.com/hphotos-xpa1/t51.2885-15/s306x306/e15/1538566_251202595041588_1319017216_n.jpg
MODA,Windsor tie,BARACK OBAMA,http://scontent-a.cdninstagram.com/hphotos-xpf1/t51.2885-15/s306x306/e15/10012433_1487693031453343_1070554074_n.jpg
MODA,"maillot, tank suit",MIRANDA KERR,http://scontent-b.cdninstagram.com/hphotos-xap1/t51.2885-15/s306x306/e15/929284_1485856581628406_1477802578_n.jpg
MODA,"bathing cap, swimming cap",MIRANDA KERR,http://scontent-b.cdninstagram.com/hphotos-xfp1/outbound-distilleryimage1/t0.0-17/OBPTH/38581ea4df7111e1adda22000a1e869b_6.jpg
MODA,"bikini, two-piece",MIRANDA KERR,http://scontent-b.cdninstagram.com/hphotos-xpf1/t51.2885-15/s306x306/e15/10349701_619695064785854_265894773_n.jpg
MODA,"suit, suit of clothes",CRISTIANO RONALDO,http://scontent-a.cdninstagram.com/hphotos-xfa1/t51.2885-15/s306x306/e15/10249293_1581721318716554_181722193_n.jpg
MODA,"brassiere, bra, bandeau",MIRANDA KERR,http://scontent-a.cdninstagram.com/hphotos-xaf1/outbound-distilleryimage10/t0.0-17/OBPTH/a5da2546b58f11e180c9123138016265_6.jpg
MODA,cowboy boot,LEBRON JAMES,http://scontent-b.cdninstagram.com/hphotos-xap1/t51.2885-15/s306x306/e15/1530903_631454396913962_1486051800_n.jpg
MODA,"bikini, two-piece",MIRANDA KERR,http://scontent-b.cdninstagram.com/hphotos-xpf1/outbound-distilleryimage5/t0.0-17/OBPTH/bb1d2d90836b11e295e122000a9e2965_6.jpg
MODA,sweatshirt,MIRANDA KERR,http://scontent-b.cdninstagram.com/hphotos-xfa1/t51.2885-15/s306x306/e15/1389143_1395783467327430_842651863_n.jpg
MODA,"jean, blue jean, denim",MIRANDA KERR,http://scontent-b.cdninstagram.com/hphotos-xpf1/outbound-distilleryimage2/t0.0-17/OBPTH/8acabba22b5f11e38f2322000a9e0753_6.jpg
MODA,"bathing cap, swimming cap",MIRANDA KERR,http://scontent-b.cdninstagram.com/hphotos-xap1/outbound-distilleryimage5/t0.0-17/OBPTH/f9e072da85ea11e3a076122b2a59491d_6.jpg
MODA,"suit, suit of clothes",BARACK OBAMA,http://scontent-b.cdninstagram.com/hphotos-xpf1/outbound-distilleryimage0/t0.0-17/OBPTH/4720c744fd1e11e2968922000a1fbe74_6.jpg
MODA,"maillot, tank suit",MIRANDA KERR,http://scontent-a.cdninstagram.com/hphotos-xap1/t51.2885-15/s306x306/e15/10472073_429769830499424_732929546_n.jpg
MODA,"brassiere, bra, bandeau",MIRANDA KERR,http://scontent-a.cdninstagram.com/hphotos-xaf1/t51.2885-15/s306x306/e15/10919485_316797945177216_1076434536_n.jpg
MODA,"swimming trunks, bathing trunks",MIRANDA KERR,http://scontent-a.cdninstagram.com/hphotos-xaf1/outbound-distilleryimage3/t0.0-17/OBPTH/7b6d62be14a811e2b3f322000a1e8899_6.jpg
MODA,Loafer,LEBRON JAMES,http://scontent-b.cdninstagram.com/hphotos-xfp1/outbound-distilleryimage6/t0.0-17/OBPTH/d34a5e3c2a2a11e2892d22000a1fc2ac_6.jpg
MODA,cowboy boot,LEBRON JAMES,http://scontent-a.cdninstagram.com/hphotos-xaf1/outbound-distilleryimage8/t0.0-17/OBPTH/fe13653c812411e1a39b1231381b7ba1_6.jpg
MODA,shopping basket,MIRANDA KERR,http://scontent-a.cdninstagram.com/hphotos-xaf1/outbound-distilleryimage4/t0.0-17/OBPTH/bcd71b1ecba011e28d8c22000a1f9ad6_6.jpg
MODA,"academic gown, academic robe, judge\'s robe",MIRANDA KERR,http://scontent-b.cdninstagram.com/hphotos-xpf1/outbound-distilleryimage9/t0.0-17/OBPTH/c090e48e674a11e2819022000a1f99d8_6.jpg
MODA,"gasmask, respirator, gas helmet",LEBRON JAMES,http://scontent-b.cdninstagram.com/hphotos-xpf1/outbound-distilleryimage11/t0.0-17/OBPTH/d0f13034755c11e2af6f22000a1f9a09_6.jpg
MODA,bassoon,LEBRON JAMES,http://scontent-b.cdninstagram.com/hphotos-xap1/t51.2885-15/s306x306/e15/10684140_849966061704098_628293531_n.jpg
MODA,gown,MIRANDA KERR,http://scontent-b.cdninstagram.com/hphotos-xap1/outbound-distilleryimage10/t0.0-17/OBPTH/f5ef9096081011e3bad822000a9f3047_6.jpg
MODA,"maillot, tank suit",MIRANDA KERR,http://scontent-a.cdninstagram.com/hphotos-xpa1/outbound-distilleryimage11/t0.0-17/OBPTH/be027b4a734f11e2829522000a1fa769_6.jpg
MODA,sandal,MIRANDA KERR,http://scontent-a.cdninstagram.com/hphotos-xfa1/outbound-distilleryimage3/t0.0-17/OBPTH/a3bd73ac0c1f11e3ab6822000a1fbc38_6.jpg
MODA,"lab coat, laboratory coat",MIRANDA KERR,http://scontent-b.cdninstagram.com/hphotos-xap1/t51.2885-15/s306x306/e15/1172691_314420098698567_1524062930_n.jpg
MODA,"lab coat, laboratory coat",LEBRON JAMES,http://scontent-a.cdninstagram.com/hphotos-xpa1/outbound-distilleryimage4/t0.0-17/OBPTH/18402ea478c311e2b5c422000a1f9a53_6.jpg
MODA,"suit, suit of clothes",LEBRON JAMES,http://scontent-a.cdninstagram.com/hphotos-xfa1/t51.2885-15/s306x306/e15/10413130_1525075407716272_715409731_n.jpg
MODA,gown,MIRANDA KERR,http://scontent-a.cdninstagram.com/hphotos-xpa1/t51.2885-15/s306x306/e15/1168969_757457640978328_1068073803_n.jpg
MODA,Windsor tie,LEBRON JAMES,http://scontent-b.cdninstagram.com/hphotos-xpa1/t51.2885-15/s306x306/e15/10748522_1501170693441064_1892655380_n.jpg
MODA,Windsor tie,LEBRON JAMES,http://scontent-b.cdninstagram.com/hphotos-xap1/outbound-distilleryimage11/t0.0-17/OBPTH/7bc230b078d911e2a63622000a9e28ec_6.jpg
MODA,"cowboy hat, ten-gallon hat",MIRANDA KERR,http://scontent-a.cdninstagram.com/hphotos-xaf1/l/t51.2885-15/s306x306/e15/1389408_414669841998024_696231623_n.jpg
MODA,"suit, suit of clothes",CRISTIANO RONALDO,http://scontent-a.cdninstagram.com/hphotos-xfa1/outbound-distilleryimage6/t0.0-17/OBPTH/8df756be236311e2af1622000a1fb845_6.jpg
MODA,"brassiere, bra, bandeau",MIRANDA KERR,http://scontent-b.cdninstagram.com/hphotos-xfa1/t51.2885-15/s306x306/e15/1389190_181326328737098_863896316_n.jpg
MODA,"maillot, tank suit",MIRANDA KERR,http://scontent-a.cdninstagram.com/hphotos-xap1/t51.2885-15/s306x306/e15/1599432_863316130353899_856017947_n.jpg
MODA,sunglass,MIRANDA KERR,http://scontent-a.cdninstagram.com/hphotos-xfa1/outbound-distilleryimage3/t0.0-17/OBPTH/76e72b929e1b11e2940222000a1fbd52_6.jpg
MODA,wall clock,MIRANDA KERR,http://scontent-a.cdninstagram.com/hphotos-xpa1/outbound-distilleryimage1/t0.0-17/OBPTH/04597decb37e11e1af7612313813f8e8_6.jpg
MODA,sunglass,MIRANDA KERR,http://scontent-b.cdninstagram.com/hphotos-xpf1/t51.2885-15/s306x306/e15/10349585_468594553287429_1158393595_n.jpg
MODA,"suit, suit of clothes",CRISTIANO RONALDO,http://scontent-b.cdninstagram.com/hphotos-xpf1/t51.2885-15/s306x306/e15/1170506_413005825499041_1384230355_n.jpg
MODA,gown,MIRANDA KERR,http://scontent-a.cdninstagram.com/hphotos-xpa1/outbound-distilleryimage8/t0.0-17/OBPTH/bab5400af7a011e29b9b22000a1f96c5_6.jpg
MODA,"maillot, tank suit",LEBRON JAMES,http://scontent-a.cdninstagram.com/hphotos-xap1/t51.2885-15/s306x306/e15/926637_203710883154314_1970653324_n.jpg
MODA,"maillot, tank suit",MIRANDA KERR,http://scontent-b.cdninstagram.com/hphotos-xpa1/t51.2885-15/s306x306/e15/10731517_1508100009430559_304930828_n.jpg
MODA,Windsor tie,LEBRON JAMES,http://scontent-a.cdninstagram.com/hphotos-xap1/t51.2885-15/s306x306/e15/1889348_243443949171189_1347764746_n.jpg
MODA,gown,MIRANDA KERR,http://scontent-a.cdninstagram.com/hphotos-xpa1/outbound-distilleryimage6/t0.0-17/OBPTH/5735f0703a0711e3a60b22000a9e06bc_6.jpg
MODA,"quill, quill pen",MIRANDA KERR,http://scontent-a.cdninstagram.com/hphotos-xfa1/outbound-distilleryimage4/t0.0-17/OBPTH/76a0c142734c11e2ad5622000a1f98e5_6.jpg
MODA,"bikini, two-piece",MIRANDA KERR,http://scontent-a.cdninstagram.com/hphotos-xaf1/outbound-distilleryimage2/t0.0-17/OBPTH/5d7fcb143a0611e38eb922000a1fbc88_6.jpg
MODA,sunglass,MIRANDA KERR,http://scontent-b.cdninstagram.com/hphotos-xfp1/outbound-distilleryimage10/t0.0-17/OBPTH/42b47db29feb11e2ac9b22000a1fb864_6.jpg
MODA,"maillot, tank suit",MIRANDA KERR,http://scontent-b.cdninstagram.com/hphotos-xfp1/outbound-distilleryimage11/t0.0-17/OBPTH/9b1fa370de7d11e2a3b222000a9f1696_6.jpg
MODA,"maillot, tank suit",MIRANDA KERR,http://scontent-a.cdninstagram.com/hphotos-xfa1/outbound-distilleryimage1/t0.0-17/OBPTH/23d729b0bff011e282a722000a1f9d5f_6.jpg
MODA,"bikini, two-piece",MIRANDA KERR,http://scontent-b.cdninstagram.com/hphotos-prn/t51.2885-15/s306x306/e15/10467790_661304200614471_6784164_n.jpg
MODA,"maillot, tank suit",MIRANDA KERR,http://scontent-b.cdninstagram.com/hphotos-xap1/outbound-distilleryimage9/t0.0-17/OBPTH/0e5c90e0049a11e38c1322000a1fb036_6.jpg
MODA,"brassiere, bra, bandeau",MIRANDA KERR,http://scontent-a.cdninstagram.com/hphotos-xaf1/outbound-distilleryimage0/t0.0-17/OBPTH/5dca5d1ab81e11e2b1c522000a9f18eb_6.jpg
MODA,Windsor tie,LEBRON JAMES,http://scontent-b.cdninstagram.com/hphotos-xap1/outbound-distilleryimage9/t0.0-17/OBPTH/e88b7748efe311e2a1ff22000a1fcee4_6.jpg
MODA,"maillot, tank suit",MIRANDA KERR,http://scontent-a.cdninstagram.com/hphotos-xaf1/outbound-distilleryimage5/t0.0-17/OBPTH/b12b3d1a2a8611e286b922000a9f14cd_6.jpg
MODA,"maillot, tank suit",MIRANDA KERR,http://scontent-b.cdninstagram.com/hphotos-xfp1/outbound-distilleryimage0/t0.0-17/OBPTH/3ceabb68cbdc11e2ba2d22000ae90e24_6.jpg
MODA,"jersey, T-shirt, tee shirt",LEBRON JAMES,http://scontent-b.cdninstagram.com/hphotos-xpf1/outbound-distilleryimage5/t0.0-17/OBPTH/50d2f602c0ae11e1a8761231381b4856_6.jpg
NATURALEZA,daisy,MIRANDA KERR,http://scontent-b.cdninstagram.com/hphotos-xfp1/outbound-distilleryimage0/t0.0-17/OBPTH/1204cd44179b11e2aeda22000a1de2e0_6.jpg
NATURALEZA,velvet,MIRANDA KERR,http://scontent-a.cdninstagram.com/hphotos-xpa1/t51.2885-15/s306x306/e15/1172122_640621529347878_1321124348_n.jpg
NATURALEZA,daisy,MIRANDA KERR,http://scontent-a.cdninstagram.com/hphotos-xpa1/outbound-distilleryimage8/t0.0-17/OBPTH/49071f48c87e11e1be6a12313820455d_6.jpg
NATURALEZA,daisy,MIRANDA KERR,http://scontent-a.cdninstagram.com/hphotos-xap1/t51.2885-15/s306x306/e15/927963_821934237817632_1216848248_n.jpg
NATURALEZA,daisy,MIRANDA KERR,http://scontent-b.cdninstagram.com/hphotos-xfp1/outbound-distilleryimage11/t0.0-17/OBPTH/ee4aa694022211e398ce22000a9f3915_6.jpg
NATURALEZA,"promontory, headland, head, foreland",MIRANDA KERR,http://scontent-a.cdninstagram.com/hphotos-xfa1/t51.2885-15/s306x306/e15/10691704_715273108546241_406747289_n.jpg
NATURALEZA,rapeseed,MIRANDA KERR,http://scontent-b.cdninstagram.com/hphotos-xaf1/t51.2885-15/s306x306/e15/10598742_1533435900223164_557327779_n.jpg
NATURALEZA,"seashore, coast, seacoast, sea-coast",MIRANDA KERR,http://scontent-a.cdninstagram.com/hphotos-xpf1/t51.2885-15/s306x306/e15/10326367_663747443719663_154476736_n.jpg
NATURALEZA,wing,MIRANDA KERR,http://scontent-a.cdninstagram.com/hphotos-xpa1/outbound-distilleryimage1/t0.0-17/OBPTH/8fe1b682829411e2bd6e22000aaa07e4_6.jpg
NATURALEZA,"sandbar, sand bar",MIRANDA KERR,http://scontent-a.cdninstagram.com/hphotos-xfa1/outbound-distilleryimage10/t0.0-17/OBPTH/fa2d335297db11e2a0fd22000aa8039a_6.jpg
NATURALEZA,"lakeside, lakeshore",MIRANDA KERR,http://scontent-a.cdninstagram.com/hphotos-xaf1/outbound-distilleryimage9/t0.0-17/OBPTH/f485c9b8e59811e29aee22000a9f38e6_6.jpg
NATURALEZA,"feather boa, boa",MIRANDA KERR,http://scontent-b.cdninstagram.com/hphotos-xpf1/outbound-distilleryimage10/t0.0-17/OBPTH/25266aa6b5aa11e2ac3122000a1fb77a_6.jpg
NATURALEZA,"teddy, teddy bear",MIRANDA KERR,http://scontent-b.cdninstagram.com/hphotos-xpa1/t51.2885-15/s306x306/e15/1172081_454862181313016_674228814_n.jpg
NATURALEZA,cauliflower,MIRANDA KERR,http://scontent-b.cdninstagram.com/hphotos-xpf1/outbound-distilleryimage6/t0.0-17/OBPTH/4395cb9aa9ec11e29b9b22000a1f96c5_6.jpg
NATURALEZA,"sea anemone, anemone",MIRANDA KERR,http://scontent-a.cdninstagram.com/hphotos-xpa1/outbound-distilleryimage11/t0.0-17/OBPTH/3a1321c6064511e29797123138106ac9_6.jpg
NATURALEZA,"valley, vale",MIRANDA KERR,http://scontent-b.cdninstagram.com/hphotos-xap1/outbound-distilleryimage4/t0.0-17/OBPTH/51e4202eb28a11e29e7122000aaa0fd8_6.jpg
NATURALEZA,"seashore, coast, seacoast, sea-coast",MIRANDA KERR,http://scontent-b.cdninstagram.com/hphotos-xaf1/t51.2885-15/s306x306/e15/10727379_523254597818613_523858546_n.jpg
NATURALEZA,"sandbar, sand bar",MIRANDA KERR,http://scontent-a.cdninstagram.com/hphotos-xaf1/outbound-distilleryimage2/t0.0-17/OBPTH/49fa4a54ec1111e18d1322000a1cba90_6.jpg
NATURALEZA,volcano,MIRANDA KERR,http://scontent-b.cdninstagram.com/hphotos-xfa1/t51.2885-15/s306x306/e15/10914194_798470743553930_1348560432_n.jpg
NATURALEZA,alp,MIRANDA KERR,http://scontent-b.cdninstagram.com/hphotos-xfp1/outbound-distilleryimage11/t0.0-17/OBPTH/3a8639fa128d11e2939222000a1e87b7_6.jpg
NATURALEZA,snorkel,MIRANDA KERR,http://scontent-b.cdninstagram.com/hphotos-xpf1/outbound-distilleryimage4/t0.0-17/OBPTH/55a8a8d435ba11e3862522000a1f9c96_6.jpg
NATURALEZA,daisy,MIRANDA KERR,http://scontent-a.cdninstagram.com/hphotos-xfa1/outbound-distilleryimage5/t0.0-17/OBPTH/322149c8fe9011e19f3f22000a1c00f7_6.jpg
NATURALEZA,"seashore, coast, seacoast, sea-coast",MIRANDA KERR,http://scontent-a.cdninstagram.com/hphotos-xfa1/outbound-distilleryimage4/t0.0-17/OBPTH/5ae63496955c11e2beb722000a9f3ce2_6.jpg
NATURALEZA,"seashore, coast, seacoast, sea-coast",MIRANDA KERR,http://scontent-a.cdninstagram.com/hphotos-xaf1/outbound-distilleryimage8/t0.0-17/OBPTH/842cac2cf34511e1914322000a1e9b9c_6.jpg
NATURALEZA,"quill, quill pen",MIRANDA KERR,http://scontent-a.cdninstagram.com/hphotos-xfp1/t51.2885-15/s306x306/e15/10518036_537052036417938_927889890_n.jpg
NATURALEZA,"parachute, chute",MIRANDA KERR,http://scontent-a.cdninstagram.com/hphotos-xaf1/outbound-distilleryimage11/t0.0-17/OBPTH/e8cbf80c1b7e11e2900e22000a1cbaa0_6.jpg
NATURALEZA,volcano,MIRANDA KERR,http://scontent-a.cdninstagram.com/hphotos-xaf1/outbound-distilleryimage9/t0.0-17/OBPTH/0fa99a78543311e2877122000a1fbc4f_6.jpg
NATURALEZA,"valley, vale",MIRANDA KERR,http://scontent-a.cdninstagram.com/hphotos-xaf1/outbound-distilleryimage1/t0.0-17/OBPTH/16d8b216fe9311e1bf341231381b775d_6.jpg
NATURALEZA,earthstar,MIRANDA KERR,http://scontent-a.cdninstagram.com/hphotos-xpa1/outbound-distilleryimage11/t0.0-17/OBPTH/4f4549849ca411e2978222000aa80103_6.jpg
NATURALEZA,"seashore, coast, seacoast, sea-coast",MIRANDA KERR,http://scontent-b.cdninstagram.com/hphotos-xfp1/outbound-distilleryimage11/t0.0-17/OBPTH/b364b772a70011e2a91a22000a9e089b_6.jpg
NATURALEZA,wing,MIRANDA KERR,http://scontent-b.cdninstagram.com/hphotos-xfp1/outbound-distilleryimage3/t0.0-17/OBPTH/98263900627111e2b62322000a9f12da_6.jpg
NATURALEZA,head cabbage,MIRANDA KERR,http://scontent-b.cdninstagram.com/hphotos-xfa1/t51.2885-15/s306x306/e15/1742590_654185191284558_1268399577_n.jpg
NATURALEZA,mountain tent,MIRANDA KERR,http://scontent-a.cdninstagram.com/hphotos-xap1/t51.2885-15/s306x306/e15/1389789_1445265052366942_621360099_n.jpg
NATURALEZA,cauliflower,MIRANDA KERR,http://scontent-a.cdninstagram.com/hphotos-xfa1/outbound-distilleryimage10/t0.0-17/OBPTH/8321ce32f08011e2987d22000aaa0a97_6.jpg
NATURALEZA,velvet,MIRANDA KERR,http://scontent-a.cdninstagram.com/hphotos-xfa1/outbound-distilleryimage6/t0.0-17/OBPTH/dbb06700bd5c11e18cf91231380fd29b_6.jpg
NATURALEZA,cauliflower,MIRANDA KERR,http://scontent-b.cdninstagram.com/hphotos-xpf1/outbound-distilleryimage9/t0.0-17/OBPTH/cf03d4c8a5b511e2b96122000aa802d9_6.jpg
NATURALEZA,"sandbar, sand bar",MIRANDA KERR,http://scontent-a.cdninstagram.com/hphotos-xfa1/outbound-distilleryimage8/t0.0-17/OBPTH/94479f08971011e2bd9022000a1fa522_6.jpg
NATURALEZA,"handkerchief, hankie, hanky, hankey",MIRANDA KERR,http://scontent-a.cdninstagram.com/hphotos-xpa1/outbound-distilleryimage1/t0.0-17/OBPTH/92b1df22ed7511e1a3461231381315e1_6.jpg
NATURALEZA,daisy,MIRANDA KERR,http://scontent-a.cdninstagram.com/hphotos-xaf1/outbound-distilleryimage10/t0.0-17/OBPTH/410e79087d4a11e3a2680a84b508c472_6.jpg
NATURALEZA,"promontory, headland, head, foreland",MIRANDA KERR,http://scontent-a.cdninstagram.com/hphotos-xaf1/t51.2885-15/s306x306/e15/10349708_781331221890661_416608379_n.jpg
NATURALEZA,"pot, flowerpot",MIRANDA KERR,http://scontent-b.cdninstagram.com/hphotos-xaf1/t51.2885-15/s306x306/e15/914805_347180372130985_928034574_n.jpg
NATURALEZA,triceratops,MIRANDA KERR,http://scontent-a.cdninstagram.com/hphotos-xaf1/outbound-distilleryimage6/t0.0-17/OBPTH/76129daaac7f11e38bae12329f48ddae_6.jpg
NATURALEZA,"worm fence, snake fence, snake-rail fence, Virginia fence",MIRANDA KERR,http://scontent-b.cdninstagram.com/hphotos-xaf1/t51.2885-15/s306x306/e15/10853046_309650062567183_1828482427_n.jpg
NATURALEZA,"horned viper, cerastes, sand viper, horned asp, Cerastes cornutus",MIRANDA KERR,http://scontent-a.cdninstagram.com/hphotos-xfa1/outbound-distilleryimage6/t0.0-17/OBPTH/0224550e16c711e2a74f12313820474c_6.jpg
NATURALEZA,"seashore, coast, seacoast, sea-coast",MIRANDA KERR,http://scontent-a.cdninstagram.com/hphotos-xaf1/outbound-distilleryimage10/t0.0-17/OBPTH/3598c71a73cb11e29d7122000a1f97c6_6.jpg
NATURALEZA,volcano,LEBRON JAMES,http://scontent-a.cdninstagram.com/hphotos-xpa1/outbound-distilleryimage7/t0.0-17/OBPTH/ba410fe8eb1911e29aee22000a9f38e6_6.jpg
TURISMO,dome,MIRANDA KERR,http://scontent-b.cdninstagram.com/hphotos-xap1/t51.2885-15/s306x306/e15/1922409_525599007553293_1978833300_n.jpg
TURISMO,"brass, memorial tablet, plaque",LEBRON JAMES,http://scontent-a.cdninstagram.com/hphotos-xpa1/outbound-distilleryimage4/t0.0-17/OBPTH/4de0dda8641c11e2b9a022000a1fa535_6.jpg
TURISMO,obelisk,MIRANDA KERR,http://scontent-b.cdninstagram.com/hphotos-xfp1/outbound-distilleryimage2/t0.0-17/OBPTH/d8fcc6cee4da11e2b5b422000a1fb5b4_6.jpg
TURISMO,triumphal arch,MIRANDA KERR,http://scontent-b.cdninstagram.com/hphotos-xap1/t51.2885-15/s306x306/e15/10616871_324646851051642_432883977_n.jpg
TURISMO,mosque,MIRANDA KERR,http://scontent-a.cdninstagram.com/hphotos-xaf1/outbound-distilleryimage11/t0.0-17/OBPTH/9df9e042b8f311e2985c22000a1f9ad3_6.jpg
TURISMO,"drilling platform, offshore rig",MIRANDA KERR,http://scontent-b.cdninstagram.com/hphotos-xpa1/l/t51.2885-15/s306x306/e15/10254142_606291496134538_2082121646_n.jpg
TURISMO,dome,MIRANDA KERR,http://scontent-b.cdninstagram.com/hphotos-xfp1/outbound-distilleryimage4/t0.0-17/OBPTH/4001bed82a7c11e3a12822000a9f18f6_6.jpg
TURISMO,airliner,CRISTIANO RONALDO,http://scontent-b.cdninstagram.com/hphotos-xfp1/t51.2885-15/s306x306/e15/10249105_563092480474205_644843620_n.jpg
TURISMO,mosquito net,MIRANDA KERR,http://scontent-a.cdninstagram.com/hphotos-xpa1/outbound-distilleryimage11/t0.0-17/OBPTH/a32eac2c674611e2b2f422000a9f1255_6.jpg
TURISMO,"drilling platform, offshore rig",CRISTIANO RONALDO,http://scontent-a.cdninstagram.com/hphotos-xfa1/t51.2885-15/s306x306/e15/10838753_1565999853647330_464759128_n.jpg
TURISMO,palace,LEBRON JAMES,http://scontent-a.cdninstagram.com/hphotos-xpa1/outbound-distilleryimage8/t0.0-17/OBPTH/b8d10c7cd2aa11e1bed91231380ffeeb_6.jpg
TURISMO,mosque,MIRANDA KERR,http://scontent-b.cdninstagram.com/hphotos-xpf1/outbound-distilleryimage3/t0.0-17/OBPTH/d0daab9e2aa511e3933922000a1fc684_6.jpg
TURISMO,throne,MIRANDA KERR,http://scontent-b.cdninstagram.com/hphotos-xfp1/t51.2885-15/s306x306/e15/1725457_1467901686756994_452737128_n.jpg
TURISMO,dumbbell,LEBRON JAMES,http://scontent-a.cdninstagram.com/hphotos-xpa1/outbound-distilleryimage7/t0.0-17/OBPTH/742ac9f0ff6311e2a23322000aaa04c3_6.jpg
TURISMO,"bell cote, bell cot",MIRANDA KERR,http://scontent-a.cdninstagram.com/hphotos-xpa1/outbound-distilleryimage7/t0.0-17/OBPTH/2708447a2ae911e3abd122000ae907cd_6.jpg
TURISMO,airliner,CRISTIANO RONALDO,http://scontent-a.cdninstagram.com/hphotos-xfp1/t51.2885-15/s306x306/e15/10454082_684320518283437_527727279_n.jpg
TURISMO,steel arch bridge,LEBRON JAMES,http://scontent-a.cdninstagram.com/hphotos-xap1/t51.2885-15/s306x306/e15/925404_605224496205661_2119311961_n.jpg
MODA,French loaf,BRUNO MARS,http://scontent-a.cdninstagram.com/hphotos-xaf1/t51.2885-15/s306x306/e15/10895272_1588771058035153_174151711_n.jpg
ANIMALES,"Doberman, Doberman pinscher",BRUNO MARS,http://scontent-a.cdninstagram.com/hphotos-xaf1/t51.2885-15/s306x306/e15/10899567_577540645714591_1798518851_n.jpg
ARTE/LITERATURA,comic book,BRUNO MARS,http://scontent-a.cdninstagram.com/hphotos-xfa1/t51.2885-15/s306x306/e15/10932194_842795915763856_943859171_n.jpg
MODA,"book jacket, dust cover, dust jacket, dust wrapper",BRUNO MARS,http://scontent-a.cdninstagram.com/hphotos-xaf1/t51.2885-15/s306x306/e15/10899253_1508778912743557_1376822367_n.jpg
ARTE/LITERATURA,envelope,BRUNO MARS,http://scontent-a.cdninstagram.com/hphotos-xaf1/t51.2885-15/s306x306/e15/10831686_731250473597500_502208446_n.jpg
MODA,sombrero,BRUNO MARS,http://scontent-a.cdninstagram.com/hphotos-xaf1/t51.2885-15/s306x306/e15/10817844_1578605075694862_681820543_n.jpg
NATURALEZA,"seashore, coast, seacoast, sea-coast",BRUNO MARS,http://scontent-a.cdninstagram.com/hphotos-xpa1/t51.2885-15/s306x306/e15/10608020_559501854172593_1463352748_n.jpg
ESPECTACULOS/EVENTOS,stretcher,BRUNO MARS,http://scontent-a.cdninstagram.com/hphotos-xfp1/t51.2885-15/s306x306/e15/10362217_535356733253314_2128297801_n.jpg
COMIDA/RESTAURACION,measuring cup,BRUNO MARS,http://scontent-b.cdninstagram.com/hphotos-xap1/t51.2885-15/s306x306/e15/10254273_698853416844970_1848332122_n.jpg
ARTE/LITERATURA,"book jacket, dust cover, dust jacket, dust wrapper",BRUNO MARS,http://scontent-a.cdninstagram.com/hphotos-xap1/t51.2885-15/s306x306/e15/10375596_676586672409964_822980013_n.jpg
ARTE/LITERATURA,comic book,BRUNO MARS,http://scontent-a.cdninstagram.com/hphotos-xpa1/t51.2885-15/s306x306/e15/10249142_1432033863720000_1652058908_n.jpg
COMIDA/RESTAURACION,coffee mug,BRUNO MARS,http://scontent-a.cdninstagram.com/hphotos-xap1/t51.2885-15/s306x306/e15/1740945_244575862381456_1089993144_n.jpg
ARTE/LITERATURA,comic book,BRUNO MARS,http://scontent-a.cdninstagram.com/hphotos-xpf1/t51.2885-15/s306x306/e15/1169945_1385636651658762_1632903568_n.jpg
DEPORTE,ski mask,BRUNO MARS,http://scontent-a.cdninstagram.com/hphotos-xpa1/outbound-distilleryimage5/t0.0-17/OBPTH/5e6907d6f92c11e28aa422000a1fbcf5_6.jpg
